Symbol,Company Name,Industry,Current Price,Bound,Result Date,Days to Result,Trade Type,Sell @,Sell Premium,Max Profit (₹),Max Profit (%),POP (%),Margin,Upcoming Events,Past Events,News
ADANIGREEN,Adani Green Energy Ltd.,Power,1380.0,952,2026-04-24,-26.0,CE,1570.0,8.8,5280,3.76,90.29,140265.0,No upcoming events found.,No upcoming events found.,No news found.
ADANIGREEN,Adani Green Energy Ltd.,Power,1380.0,906,2026-04-24,-26.0,PE,1240.0,8.21,4927,2.99,90.43,164685.0,No upcoming events found.,No upcoming events found.,No news found.
ADANIENSOL,Adani Energy Solutions Ltd.,Power,1322.5,966,2026-04-23,-27.0,CE,1500.0,6.75,4556,1.35,90.67,338185.4625,No upcoming events found.,No upcoming events found.,No news found.
ADANIGREEN,Adani Green Energy Ltd.,Power,1380.0,906,2026-04-24,-26.0,PE,1230.0,7.32,4395,2.76,91.46,158985.0,No upcoming events found.,No upcoming events found.,No news found.
ADANIENSOL,Adani Energy Solutions Ltd.,Power,1322.5,929,2026-04-23,-27.0,PE,920.0,5.99,4041,1.43,99.79,282609.75625,No upcoming events found.,No upcoming events found.,No news found.
ADANIENSOL,Adani Energy Solutions Ltd.,Power,1322.5,966,2026-04-23,-27.0,CE,1520.0,5.97,4033,1.24,91.65,325204.9625,No upcoming events found.,No upcoming events found.,No news found.
ADANIPOWER,Adani Power Ltd.,Power,218.78,197,2026-04-29,-21.0,CE,250.0,1.13,4011,3.36,91.99,119513.025,No upcoming events found.,No upcoming events found.,No news found.
ADANIPOWER,Adani Power Ltd.,Power,218.78,154,2026-04-29,-21.0,PE,160.0,1.12,3976,4.94,99.07,80533.525,No upcoming events found.,No upcoming events found.,No news found.
ADANIGREEN,Adani Green Energy Ltd.,Power,1380.0,906,2026-04-24,-26.0,PE,1220.0,6.55,3930,2.56,92.96,153321.0,No upcoming events found.,No upcoming events found.,No news found.
MOTHERSON,Samvardhana Motherson International Ltd.,Automobile and Auto Components,129.94,122,2026-05-20,0.0,CE,143.0,0.62,3843,3.54,90.54,108463.4375,No upcoming events found.,No upcoming events found.,No news found.
ADANIGREEN,Adani Green Energy Ltd.,Power,1380.0,906,2026-04-24,-26.0,PE,1160.0,5.99,3592,2.65,95.31,135813.0,No upcoming events found.,No upcoming events found.,No news found.
ADANIGREEN,Adani Green Energy Ltd.,Power,1380.0,906,2026-04-24,-26.0,PE,1210.0,5.75,3450,2.34,94.76,147681.0,No upcoming events found.,No upcoming events found.,No news found.
JINDALSTEL,Jindal Steel Ltd.,Metals & Mining,1228.1,1145,2026-05-01,-19.0,CE,1380.0,5.31,3320,3.94,98.82,84183.375,No upcoming events found.,No upcoming events found.,No news found.
ADANIPOWER,Adani Power Ltd.,Power,218.78,197,2026-04-29,-21.0,CE,255.0,0.89,3141,2.79,94.03,112625.525,No upcoming events found.,No upcoming events found.,No news found.
ADANIENSOL,Adani Energy Solutions Ltd.,Power,1322.5,966,2026-04-23,-27.0,CE,1560.0,4.64,3130,1.0,94.61,312379.9625,No upcoming events found.,No upcoming events found.,No news found.
ADANIGREEN,Adani Green Energy Ltd.,Power,1380.0,906,2026-04-24,-26.0,PE,1200.0,5.05,3030,2.1,91.04,144471.0,No upcoming events found.,No upcoming events found.,No news found.
ADANIPOWER,Adani Power Ltd.,Power,218.78,154,2026-04-29,-21.0,PE,195.0,0.84,2964,2.37,90.98,125192.525,No upcoming events found.,No upcoming events found.,No news found.
MOTHERSON,Samvardhana Motherson International Ltd.,Automobile and Auto Components,129.94,122,2026-05-20,0.0,CE,145.0,0.46,2829,2.73,92.58,103727.4375,No upcoming events found.,No upcoming events found.,No news found.
BOSCHLTD,Bosch Ltd.,Automobile and Auto Components,37040.0,32152,2026-05-20,0.0,CE,41500.0,112.06,2801,2.9,95.32,96626.125,No upcoming events found.,No upcoming events found.,No news found.
INDHOTEL,Indian Hotels Co. Ltd.,Consumer Services,651.45,602,2026-05-11,-9.0,CE,740.0,2.8,2800,4.56,98.03,61459.25,No upcoming events found.,No upcoming events found.,No news found.
MOTHERSON,Samvardhana Motherson International Ltd.,Automobile and Auto Components,129.94,96,2026-05-20,0.0,PE,114.0,0.44,2690,2.57,93.72,104650.4375,No upcoming events found.,No upcoming events found.,No news found.
SBILIFE,SBI Life Insurance Company Ltd.,Financial Services,1863.0,1843,2026-04-22,-28.0,CE,2100.0,7.01,2629,4.19,98.78,62828.75,No upcoming events found.,No upcoming events found.,No news found.
ADANIENSOL,Adani Energy Solutions Ltd.,Power,1322.5,966,2026-04-23,-27.0,CE,1580.0,3.85,2598,0.85,95.28,307284.4625,No upcoming events found.,No upcoming events found.,No news found.
ADANIENSOL,Adani Energy Solutions Ltd.,Power,1322.5,929,2026-04-23,-27.0,PE,1160.0,3.84,2590,0.77,92.04,334823.7125,No upcoming events found.,No upcoming events found.,No news found.
BOSCHLTD,Bosch Ltd.,Automobile and Auto Components,37040.0,32152,2026-05-20,0.0,CE,41000.0,101.16,2529,2.5,94.17,101310.375,No upcoming events found.,No upcoming events found.,No news found.
INDHOTEL,Indian Hotels Co. Ltd.,Consumer Services,651.45,602,2026-05-11,-9.0,CE,730.0,2.52,2525,3.89,98.36,64979.25,No upcoming events found.,No upcoming events found.,No news found.
ADANIPOWER,Adani Power Ltd.,Power,218.78,154,2026-04-29,-21.0,PE,180.0,0.7,2476,2.35,96.79,105312.525,No upcoming events found.,No upcoming events found.,No news found.
BPCL,Bharat Petroleum Corporation Ltd.,Oil Gas & Consumable Fuels,284.8,288,2026-05-19,-1.0,CE,315.0,1.22,2419,3.83,90.88,63097.05,No upcoming events found.,No upcoming events found.,No news found.
ADANIPOWER,Adani Power Ltd.,Power,218.78,197,2026-04-29,-21.0,CE,260.0,0.66,2334,2.21,95.61,105845.525,No upcoming events found.,No upcoming events found.,No news found.
ADANIENSOL,Adani Energy Solutions Ltd.,Power,1322.5,966,2026-04-23,-27.0,CE,1600.0,3.43,2311,0.77,95.67,302187.7125,No upcoming events found.,No upcoming events found.,No news found.
SOLARINDS,Solar Industries India Ltd.,Chemicals,18382.0,13291,2026-05-15,-5.0,PE,16500.0,44.98,2248,1.78,91.85,126347.25,No upcoming events found.,No upcoming events found.,No news found.
BOSCHLTD,Bosch Ltd.,Automobile and Auto Components,37040.0,32152,2026-05-20,0.0,CE,42000.0,88.75,2218,2.42,96.65,91784.375,No upcoming events found.,No upcoming events found.,No news found.
ADANIENSOL,Adani Energy Solutions Ltd.,Power,1322.5,929,2026-04-23,-27.0,PE,1140.0,3.24,2185,0.68,93.53,321391.9625,No upcoming events found.,No upcoming events found.,No news found.
ADANIPOWER,Adani Power Ltd.,Power,218.78,197,2026-04-29,-21.0,CE,262.5,0.61,2174,2.12,96.09,102579.025,No upcoming events found.,No upcoming events found.,No news found.
VBL,Varun Beverages Ltd.,Fast Moving Consumer Goods,512.95,390,2026-04-30,-20.0,PE,410.0,1.93,2165,4.42,99.93,48951.5625,No upcoming events found.,No upcoming events found.,No news found.
MOTHERSON,Samvardhana Motherson International Ltd.,Automobile and Auto Components,129.94,122,2026-05-20,0.0,CE,148.0,0.35,2121,2.2,94.54,96470.9375,No upcoming events found.,No upcoming events found.,No news found.
HDFCAMC,HDFC Asset Management Company Ltd.,Financial Services,2606.4,2398,2026-04-16,-34.0,CE,2940.0,7.05,2115,2.33,98.25,90824.55,No upcoming events found.,No upcoming events found.,No news found.
ABB,ABB India Ltd.,Capital Goods,6409.0,6184,2026-05-08,-12.0,PE,5600.0,16.62,2078,2.33,97.1,89339.5625,No upcoming events found.,No upcoming events found.,No news found.
M&M,Mahindra & Mahindra Ltd.,Automobile and Auto Components,3092.6,3030,2026-05-05,-15.0,CE,3640.0,10.36,2072,4.0,98.98,51827.9,No upcoming events found.,No upcoming events found.,No news found.
UNITDSPR,United Spirits Ltd.,Fast Moving Consumer Goods,1318.4,1212,2026-05-14,-6.0,PE,1080.0,4.79,1914,5.09,97.36,37595.8,No upcoming events found.,No upcoming events found.,No news found.
BPCL,Bharat Petroleum Corporation Ltd.,Oil Gas & Consumable Fuels,284.8,288,2026-05-19,-1.0,CE,320.0,0.96,1900,3.2,92.76,59403.8,No upcoming events found.,No upcoming events found.,No news found.
MOTHERSON,Samvardhana Motherson International Ltd.,Automobile and Auto Components,129.94,96,2026-05-20,0.0,PE,115.0,0.3,1860,1.71,92.48,108831.9375,No upcoming events found.,No upcoming events found.,No news found.
ADANIPOWER,Adani Power Ltd.,Power,218.78,197,2026-04-29,-21.0,CE,265.0,0.52,1854,1.89,96.05,97928.525,No upcoming events found.,No upcoming events found.,No news found.
INDIGO,InterGlobe Aviation Ltd.,Services,4282.1,4180,,,PE,3500.0,12.26,1839,2.95,98.25,62448.425,No upcoming events found.,No upcoming events found.,No news found.
MUTHOOTFIN,Muthoot Finance Ltd.,Financial Services,3298.6,3304,2026-05-14,-6.0,CE,3650.0,6.61,1818,1.47,94.54,123731.6625,No upcoming events found.,No upcoming events found.,No news found.
INDHOTEL,Indian Hotels Co. Ltd.,Consumer Services,651.45,602,2026-05-11,-9.0,CE,725.0,1.81,1812,2.71,98.39,66809.25,No upcoming events found.,No upcoming events found.,No news found.
IOC,Indian Oil Corporation Ltd.,Oil Gas & Consumable Fuels,134.54,145,2026-05-18,-2.0,CE,148.0,0.36,1779,2.68,92.29,66316.08125,No upcoming events found.,No upcoming events found.,No news found.
SOLARINDS,Solar Industries India Ltd.,Chemicals,18382.0,13291,2026-05-15,-5.0,PE,16250.0,35.55,1777,1.47,93.35,121051.25,No upcoming events found.,No upcoming events found.,No news found.
IOC,Indian Oil Corporation Ltd.,Oil Gas & Consumable Fuels,134.54,145,2026-05-18,-2.0,CE,164.0,0.36,1742,4.51,98.58,38675.33125,No upcoming events found.,No upcoming events found.,No news found.
VEDL,Vedanta Ltd.,Metals & Mining,326.8,707,2026-04-29,-21.0,CE,360.0,1.51,1739,3.25,90.98,53492.75,No upcoming events found.,No upcoming events found.,No news found.
ABB,ABB India Ltd.,Capital Goods,6409.0,6210,2026-05-08,-12.0,CE,7150.0,13.54,1692,1.81,96.64,93718.0625,No upcoming events found.,No upcoming events found.,No news found.
MAZDOCK,Mazagoan Dock Shipbuilders Ltd.,Capital Goods,2463.9,2303,2026-04-30,-20.0,PE,2120.0,8.26,1652,2.12,96.02,78022.1,No upcoming events found.,No upcoming events found.,No news found.
BHARTIARTL,Bharti Airtel Ltd.,Telecommunication,1932.8,1786,2026-05-13,-7.0,PE,1600.0,3.44,1632,2.43,98.48,67266.6625,No upcoming events found.,No upcoming events found.,No news found.
BPCL,Bharat Petroleum Corporation Ltd.,Oil Gas & Consumable Fuels,284.8,288,2026-05-19,-1.0,CE,325.0,0.83,1629,2.93,94.05,55572.8,No upcoming events found.,No upcoming events found.,No news found.
HCLTECH,HCL Technologies Ltd.,Information Technology,1168.8,1411,2026-04-24,-26.0,CE,1480.0,4.64,1623,9.25,99.03,17542.35,No upcoming events found.,No upcoming events found.,No news found.
SIEMENS,Siemens Ltd.,Capital Goods,3536.1,3061,,,CE,3900.0,9.17,1605,2.0,93.12,80480.4875,No upcoming events found.,No upcoming events found.,No news found.
IOC,Indian Oil Corporation Ltd.,Oil Gas & Consumable Fuels,134.54,145,2026-05-18,-2.0,CE,149.0,0.33,1584,2.46,93.27,64366.33125,No upcoming events found.,No upcoming events found.,No news found.
PNB,Punjab National Bank,Financial Services,100.53,115,2026-05-05,-15.0,CE,111.0,0.2,1560,1.73,94.52,90337.2,No upcoming events found.,No upcoming events found.,No news found.
ADANIENSOL,Adani Energy Solutions Ltd.,Power,1322.5,929,2026-04-23,-27.0,PE,1120.0,2.27,1535,0.49,93.75,314365.2125,No upcoming events found.,No upcoming events found.,No news found.
MAZDOCK,Mazagoan Dock Shipbuilders Ltd.,Capital Goods,2463.9,2326,2026-04-30,-20.0,CE,2720.0,7.36,1472,1.76,92.58,83594.1,No upcoming events found.,No upcoming events found.,No news found.
UNIONBANK,Union Bank of India,Financial Services,159.52,186,2026-04-23,-27.0,CE,177.5,0.33,1449,1.55,94.54,93550.08875,No upcoming events found.,No upcoming events found.,No news found.
UNITDSPR,United Spirits Ltd.,Fast Moving Consumer Goods,1318.4,1227,2026-05-14,-6.0,CE,1600.0,3.61,1445,4.58,99.31,31575.8,No upcoming events found.,No upcoming events found.,No news found.
MOTHERSON,Samvardhana Motherson International Ltd.,Automobile and Auto Components,129.94,122,2026-05-20,0.0,CE,150.0,0.24,1445,1.57,95.81,91919.4375,No upcoming events found.,No upcoming events found.,No news found.
HYUNDAI,Hyundai Motor India Ltd.,Automobile and Auto Components,1777.3,1708,2026-05-08,-12.0,CE,2060.0,5.21,1433,3.33,97.99,42984.5375,No upcoming events found.,No upcoming events found.,No news found.
MUTHOOTFIN,Muthoot Finance Ltd.,Financial Services,3298.6,3304,2026-05-14,-6.0,CE,3700.0,5.2,1430,1.2,95.33,118759.6625,No upcoming events found.,No upcoming events found.,No news found.
SOLARINDS,Solar Industries India Ltd.,Chemicals,18382.0,13291,2026-05-15,-5.0,PE,16000.0,28.56,1428,1.23,94.6,116262.75,No upcoming events found.,No upcoming events found.,No news found.
BOSCHLTD,Bosch Ltd.,Automobile and Auto Components,37040.0,32123,2026-05-20,0.0,PE,33000.0,57.06,1426,1.47,95.19,96888.125,No upcoming events found.,No upcoming events found.,No news found.
IOC,Indian Oil Corporation Ltd.,Oil Gas & Consumable Fuels,134.54,145,2026-05-18,-2.0,CE,150.0,0.29,1425,2.28,93.68,62660.33125,No upcoming events found.,No upcoming events found.,No news found.
TVSMOTOR,TVS Motor Company Ltd.,Automobile and Auto Components,3311.4,3500,2026-05-13,-7.0,CE,3660.0,7.91,1384,2.31,94.77,59903.375,No upcoming events found.,No upcoming events found.,No news found.
ZYDUSLIFE,Zydus Lifesciences Ltd.,Healthcare,1007.85,873,2026-05-19,-1.0,CE,1140.0,1.52,1372,1.85,95.58,74302.65,No upcoming events found.,No upcoming events found.,No news found.
CANBK,Canara Bank,Financial Services,125.66,143,2026-05-11,-9.0,CE,140.0,0.2,1366,1.41,95.12,96940.625,No upcoming events found.,No upcoming events found.,No news found.
CANBK,Canara Bank,Financial Services,125.66,143,2026-05-11,-9.0,CE,142.0,0.2,1366,1.48,95.31,92282.625,No upcoming events found.,No upcoming events found.,No news found.
IRFC,Indian Railway Finance Corporation Ltd.,Financial Services,98.01,104,2026-05-14,-6.0,CE,108.0,0.32,1360,2.34,91.48,58004.925,No upcoming events found.,No upcoming events found.,No news found.
ADANIGREEN,Adani Green Energy Ltd.,Power,1380.0,906,2026-04-24,-26.0,PE,1100.0,2.25,1350,1.1,95.77,122943.0,No upcoming events found.,No upcoming events found.,No news found.
TECHM,Tech Mahindra Ltd.,Information Technology,1470.6,1459,2026-04-22,-28.0,CE,1620.0,2.25,1350,1.71,96.6,78822.0,No upcoming events found.,No upcoming events found.,No news found.
IOC,Indian Oil Corporation Ltd.,Oil Gas & Consumable Fuels,134.54,145,2026-05-18,-2.0,CE,151.0,0.28,1340,2.21,94.34,60758.58125,No upcoming events found.,No upcoming events found.,No news found.
MUTHOOTFIN,Muthoot Finance Ltd.,Financial Services,3298.6,3278,2026-05-14,-6.0,PE,2950.0,4.8,1320,1.06,94.39,124913.4125,No upcoming events found.,No upcoming events found.,No news found.
BPCL,Bharat Petroleum Corporation Ltd.,Oil Gas & Consumable Fuels,284.8,288,2026-05-19,-1.0,CE,330.0,0.66,1308,2.52,94.95,51938.3,No upcoming events found.,No upcoming events found.,No news found.
ZYDUSLIFE,Zydus Lifesciences Ltd.,Healthcare,1007.85,861,2026-05-19,-1.0,PE,850.0,1.45,1305,1.74,98.25,75202.65,No upcoming events found.,No upcoming events found.,No news found.
PNB,Punjab National Bank,Financial Services,100.53,115,2026-05-05,-15.0,CE,112.0,0.16,1300,1.49,95.41,87217.2,No upcoming events found.,No upcoming events found.,No news found.
TRENT,Trent Ltd.,Consumer Services,4049.1,3822,2026-04-22,-28.0,PE,3200.0,12.99,1298,3.26,98.99,39841.05,No upcoming events found.,No upcoming events found.,No news found.
MAZDOCK,Mazagoan Dock Shipbuilders Ltd.,Capital Goods,2463.9,2326,2026-04-30,-20.0,CE,2740.0,6.4,1280,1.59,93.54,80604.1,No upcoming events found.,No upcoming events found.,No news found.
SIEMENS,Siemens Ltd.,Capital Goods,3536.1,3061,,,CE,3950.0,7.22,1264,1.64,95.73,77239.4875,No upcoming events found.,No upcoming events found.,No news found.
TRENT,Trent Ltd.,Consumer Services,4049.1,3848,2026-04-22,-28.0,CE,4800.0,12.62,1262,2.96,98.01,42583.05,No upcoming events found.,No upcoming events found.,No news found.
CHOLAFIN,Cholamandalam Investment and Finance Company Ltd.,Financial Services,1518.2,1404,2026-04-30,-20.0,CE,1700.0,2.0,1250,1.06,96.45,117828.8125,No upcoming events found.,No upcoming events found.,No news found.
IOC,Indian Oil Corporation Ltd.,Oil Gas & Consumable Fuels,134.54,145,2026-05-18,-2.0,CE,152.0,0.26,1243,2.11,94.83,59052.58125,No upcoming events found.,No upcoming events found.,No news found.
BPCL,Bharat Petroleum Corporation Ltd.,Oil Gas & Consumable Fuels,284.8,262,2026-05-19,-1.0,PE,255.0,0.62,1234,1.82,93.22,67817.55,No upcoming events found.,No upcoming events found.,No news found.
VEDL,Vedanta Ltd.,Metals & Mining,326.8,661,2026-04-29,-21.0,PE,210.0,1.05,1207,4.85,99.35,24918.125,No upcoming events found.,No upcoming events found.,No news found.
MUTHOOTFIN,Muthoot Finance Ltd.,Financial Services,3298.6,3304,2026-05-14,-6.0,CE,3750.0,4.39,1206,1.06,96.14,113858.9125,No upcoming events found.,No upcoming events found.,No news found.
COALINDIA,Coal India Ltd.,Oil Gas & Consumable Fuels,460.0,469,2026-04-27,-23.0,CE,540.0,0.89,1198,2.51,98.3,47673.725,No upcoming events found.,No upcoming events found.,No news found.
RECLTD,REC Ltd.,Financial Services,334.3,338,2026-04-28,-22.0,CE,415.0,0.85,1190,3.15,99.18,37799.3,No upcoming events found.,No upcoming events found.,No news found.
MAZDOCK,Mazagoan Dock Shipbuilders Ltd.,Capital Goods,2463.9,2326,2026-04-30,-20.0,CE,2760.0,5.94,1187,1.5,94.01,79254.1,No upcoming events found.,No upcoming events found.,No news found.
ADANIGREEN,Adani Green Energy Ltd.,Power,1380.0,906,2026-04-24,-26.0,PE,1060.0,1.98,1185,1.05,96.6,113295.0,No upcoming events found.,No upcoming events found.,No news found.
ABB,ABB India Ltd.,Capital Goods,6409.0,6184,2026-05-08,-12.0,PE,5700.0,9.33,1165,1.25,95.33,93534.0625,No upcoming events found.,No upcoming events found.,No news found.
UNIONBANK,Union Bank of India,Financial Services,159.52,186,2026-04-23,-27.0,CE,180.0,0.26,1161,1.3,95.54,89611.83875,No upcoming events found.,No upcoming events found.,No news found.
MUTHOOTFIN,Muthoot Finance Ltd.,Financial Services,3298.6,3304,2026-05-14,-6.0,CE,3850.0,4.19,1151,1.11,97.03,104044.1625,No upcoming events found.,No upcoming events found.,No news found.
IOC,Indian Oil Corporation Ltd.,Oil Gas & Consumable Fuels,134.54,145,2026-05-18,-2.0,CE,153.0,0.24,1145,2.01,95.15,57102.83125,No upcoming events found.,No upcoming events found.,No news found.
SOLARINDS,Solar Industries India Ltd.,Chemicals,18382.0,13291,2026-05-15,-5.0,PE,15750.0,22.85,1142,1.02,95.6,111608.75,No upcoming events found.,No upcoming events found.,No news found.
MUTHOOTFIN,Muthoot Finance Ltd.,Financial Services,3298.6,3278,2026-05-14,-6.0,PE,2900.0,4.14,1137,0.95,95.24,119985.9125,No upcoming events found.,No upcoming events found.,No news found.
HAL,Hindustan Aeronautics Ltd.,Capital Goods,4307.5,3765,2026-05-14,-6.0,CE,4750.0,7.55,1132,1.4,94.59,81115.625,No upcoming events found.,No upcoming events found.,No news found.
PIDILITIND,Pidilite Industries Ltd.,Chemicals,1470.2,1284,2026-05-07,-13.0,PE,1250.0,2.25,1125,1.81,98.31,62213.5,No upcoming events found.,No upcoming events found.,No news found.
JIOFIN,Jio Financial Services Ltd.,Financial Services,232.86,239,2026-04-17,-33.0,CE,260.0,0.48,1122,0.78,94.47,144446.39250000002,No upcoming events found.,No upcoming events found.,No news found.
VEDL,Vedanta Ltd.,Metals & Mining,326.8,707,2026-04-29,-21.0,CE,370.0,0.97,1121,2.29,94.04,48972.75,No upcoming events found.,No upcoming events found.,No news found.
BAJAJHLDNG,Bajaj Holdings & Investment Ltd.,Financial Services,10427.0,9139,2026-05-07,-13.0,CE,11500.0,22.41,1120,1.87,97.91,60058.75,No upcoming events found.,No upcoming events found.,No news found.
HINDZINC,Hindustan Zinc Ltd.,Metals & Mining,630.85,548,2026-04-30,-20.0,CE,700.0,0.91,1117,0.89,95.73,126208.4375,No upcoming events found.,No upcoming events found.,No news found.
BANKBARODA,Bank of Baroda,Financial Services,260.75,269,2026-05-08,-12.0,CE,287.5,0.38,1096,1.28,95.42,85707.11875,No upcoming events found.,No upcoming events found.,No news found.
ADANIENSOL,Adani Energy Solutions Ltd.,Power,1322.5,929,2026-04-23,-27.0,PE,1100.0,1.61,1088,0.35,95.84,310294.9625,No upcoming events found.,No upcoming events found.,No news found.
MAZDOCK,Mazagoan Dock Shipbuilders Ltd.,Capital Goods,2463.9,2326,2026-04-30,-20.0,CE,2780.0,5.44,1087,1.4,94.65,77848.1,No upcoming events found.,No upcoming events found.,No news found.
ETERNAL,Eternal Ltd.,Consumer Services,239.68,246,2026-04-28,-22.0,CE,270.0,0.44,1073,1.34,95.51,80022.325,No upcoming events found.,No upcoming events found.,No news found.
CGPOWER,CG Power and Industrial Solutions Ltd.,Capital Goods,813.25,706,2026-05-06,-14.0,CE,900.0,1.26,1073,1.22,95.04,87793.3125,No upcoming events found.,No upcoming events found.,No news found.
INDIGO,InterGlobe Aviation Ltd.,Services,4282.1,4180,,,PE,3800.0,7.15,1072,1.36,93.82,78725.925,No upcoming events found.,No upcoming events found.,No news found.
COALINDIA,Coal India Ltd.,Oil Gas & Consumable Fuels,460.0,469,2026-04-27,-23.0,CE,520.0,0.79,1063,1.86,97.42,57272.225,No upcoming events found.,No upcoming events found.,No news found.
PNB,Punjab National Bank,Financial Services,100.53,115,2026-05-05,-15.0,CE,114.0,0.13,1060,1.3,96.46,81697.2,No upcoming events found.,No upcoming events found.,No news found.
IOC,Indian Oil Corporation Ltd.,Oil Gas & Consumable Fuels,134.54,145,2026-05-18,-2.0,CE,154.0,0.21,1048,1.93,95.88,54421.83125,No upcoming events found.,No upcoming events found.,No news found.
IRFC,Indian Railway Finance Corporation Ltd.,Financial Services,98.01,104,2026-05-14,-6.0,CE,110.0,0.24,1041,1.89,93.79,54987.425,No upcoming events found.,No upcoming events found.,No news found.
HYUNDAI,Hyundai Motor India Ltd.,Automobile and Auto Components,1777.3,1708,2026-05-08,-12.0,CE,1960.0,3.7,1017,1.91,94.9,53280.0375,No upcoming events found.,No upcoming events found.,No news found.
ZYDUSLIFE,Zydus Lifesciences Ltd.,Healthcare,1007.85,861,2026-05-19,-1.0,PE,900.0,1.12,1012,1.1,95.04,92275.65,No upcoming events found.,No upcoming events found.,No news found.
SOLARINDS,Solar Industries India Ltd.,Chemicals,18382.0,13291,2026-05-15,-5.0,PE,15250.0,20.23,1011,0.99,97.16,102163.75,No upcoming events found.,No upcoming events found.,No news found.
BHARTIARTL,Bharti Airtel Ltd.,Telecommunication,1932.8,1800,2026-05-13,-7.0,CE,2160.0,2.12,1009,1.15,98.7,87510.6625,No upcoming events found.,No upcoming events found.,No news found.
IOC,Indian Oil Corporation Ltd.,Oil Gas & Consumable Fuels,134.54,145,2026-05-18,-2.0,CE,155.0,0.21,999,1.86,96.03,53738.83125,No upcoming events found.,No upcoming events found.,No news found.
MUTHOOTFIN,Muthoot Finance Ltd.,Financial Services,3298.6,3304,2026-05-14,-6.0,CE,3800.0,3.59,986,0.91,96.83,108947.4125,No upcoming events found.,No upcoming events found.,No news found.
PNB,Punjab National Bank,Financial Services,100.53,115,2026-05-05,-15.0,CE,115.0,0.12,980,1.24,96.62,78897.2,No upcoming events found.,No upcoming events found.,No news found.
MAZDOCK,Mazagoan Dock Shipbuilders Ltd.,Capital Goods,2463.9,2326,2026-04-30,-20.0,CE,2800.0,4.84,967,1.27,95.23,76440.1,No upcoming events found.,No upcoming events found.,No news found.
CHOLAFIN,Cholamandalam Investment and Finance Company Ltd.,Financial Services,1518.2,1404,2026-04-30,-20.0,CE,1680.0,1.54,960,0.79,96.17,122247.8125,No upcoming events found.,No upcoming events found.,No news found.
SIEMENS,Siemens Ltd.,Capital Goods,3536.1,3061,,,CE,4000.0,5.45,953,1.29,95.58,73912.4875,No upcoming events found.,No upcoming events found.,No news found.
UNIONBANK,Union Bank of India,Financial Services,159.52,186,2026-04-23,-27.0,CE,185.0,0.21,951,1.17,96.71,81558.33875,No upcoming events found.,No upcoming events found.,No news found.
HYUNDAI,Hyundai Motor India Ltd.,Automobile and Auto Components,1777.3,1708,2026-05-08,-12.0,CE,2020.0,3.41,938,1.98,98.39,47290.7875,No upcoming events found.,No upcoming events found.,No news found.
VEDL,Vedanta Ltd.,Metals & Mining,326.8,661,2026-04-29,-21.0,PE,290.0,0.81,934,1.83,91.89,50996.75,No upcoming events found.,No upcoming events found.,No news found.
HINDZINC,Hindustan Zinc Ltd.,Metals & Mining,630.85,548,2026-04-30,-20.0,CE,720.0,0.76,934,0.82,96.85,114375.6875,No upcoming events found.,No upcoming events found.,No news found.
SOLARINDS,Solar Industries India Ltd.,Chemicals,18382.0,13291,2026-05-15,-5.0,PE,15500.0,18.6,929,0.87,96.32,106848.75,No upcoming events found.,No upcoming events found.,No news found.
SHRIRAMFIN,Shriram Finance Ltd.,Financial Services,932.4,946,2026-04-24,-26.0,CE,1050.0,1.12,928,0.91,96.03,101837.8375,No upcoming events found.,No upcoming events found.,No news found.
PFC,Power Finance Corporation Ltd.,Financial Services,427.05,418,2026-05-13,-7.0,CE,470.0,0.71,926,1.24,94.69,74506.9,No upcoming events found.,No upcoming events found.,No news found.
TATASTEEL,Tata Steel Ltd.,Metals & Mining,210.75,206,2026-05-15,-5.0,CE,232.5,0.34,921,1.46,94.43,63250.0875,No upcoming events found.,No upcoming events found.,No news found.
BANKBARODA,Bank of Baroda,Financial Services,260.75,269,2026-05-08,-12.0,CE,290.0,0.31,914,1.1,96.57,83074.86875,No upcoming events found.,No upcoming events found.,No news found.
CGPOWER,CG Power and Industrial Solutions Ltd.,Capital Goods,813.25,675,2026-05-06,-14.0,PE,730.0,1.07,913,1.0,94.75,90930.3125,No upcoming events found.,No upcoming events found.,No news found.
CANBK,Canara Bank,Financial Services,125.66,143,2026-05-11,-9.0,CE,146.0,0.14,911,1.11,97.31,81955.125,No upcoming events found.,No upcoming events found.,No news found.
CANBK,Canara Bank,Financial Services,125.66,143,2026-05-11,-9.0,CE,145.0,0.13,894,1.05,96.88,84993.125,No upcoming events found.,No upcoming events found.,No news found.
MAZDOCK,Mazagoan Dock Shipbuilders Ltd.,Capital Goods,2463.9,2326,2026-04-30,-20.0,CE,2820.0,4.4,879,1.17,95.68,75018.1,No upcoming events found.,No upcoming events found.,No news found.
SOLARINDS,Solar Industries India Ltd.,Chemicals,18382.0,13291,2026-05-15,-5.0,PE,14750.0,17.46,873,0.95,97.24,92211.25,No upcoming events found.,No upcoming events found.,No news found.
BHARTIARTL,Bharti Airtel Ltd.,Telecommunication,1932.8,1786,2026-05-13,-7.0,PE,1560.0,1.82,866,1.42,98.46,60906.6625,No upcoming events found.,No upcoming events found.,No news found.
RELIANCE,Reliance Industries Ltd.,Oil Gas & Consumable Fuels,1338.5,1297,2026-04-24,-26.0,PE,1200.0,1.73,862,1.3,96.55,66273.25,No upcoming events found.,No upcoming events found.,No news found.
HAL,Hindustan Aeronautics Ltd.,Capital Goods,4307.5,3765,2026-05-14,-6.0,CE,4800.0,5.73,858,1.1,95.69,78364.125,No upcoming events found.,No upcoming events found.,No news found.
ZYDUSLIFE,Zydus Lifesciences Ltd.,Healthcare,1007.85,861,2026-05-19,-1.0,PE,880.0,0.95,855,1.01,96.61,84634.65,No upcoming events found.,No upcoming events found.,No news found.
BOSCHLTD,Bosch Ltd.,Automobile and Auto Components,37040.0,32152,2026-05-20,0.0,CE,42500.0,34.11,852,0.98,97.24,87021.625,No upcoming events found.,No upcoming events found.,No news found.
MAZDOCK,Mazagoan Dock Shipbuilders Ltd.,Capital Goods,2463.9,2303,2026-04-30,-20.0,PE,2200.0,4.24,847,0.98,93.58,86788.1,No upcoming events found.,No upcoming events found.,No news found.
IRFC,Indian Railway Finance Corporation Ltd.,Financial Services,98.01,104,2026-05-14,-6.0,CE,112.0,0.2,839,1.62,95.82,51841.925,No upcoming events found.,No upcoming events found.,No news found.
TECHM,Tech Mahindra Ltd.,Information Technology,1470.6,1459,2026-04-22,-28.0,CE,1640.0,1.39,832,1.12,95.76,74532.0,No upcoming events found.,No upcoming events found.,No news found.
MOTHERSON,Samvardhana Motherson International Ltd.,Automobile and Auto Components,129.94,96,2026-05-20,0.0,PE,110.0,0.14,830,0.86,95.97,96778.4375,No upcoming events found.,No upcoming events found.,No news found.
CHOLAFIN,Cholamandalam Investment and Finance Company Ltd.,Financial Services,1518.2,1404,2026-04-30,-20.0,CE,1760.0,1.32,828,0.79,98.47,104497.8125,No upcoming events found.,No upcoming events found.,No news found.
PNB,Punjab National Bank,Financial Services,100.53,115,2026-05-05,-15.0,CE,116.0,0.1,820,1.08,97.16,75697.2,No upcoming events found.,No upcoming events found.,No news found.
LODHA,Lodha Developers Ltd.,Realty,872.3,692,2026-04-24,-26.0,PE,780.0,1.81,815,1.33,93.02,61111.0625,No upcoming events found.,No upcoming events found.,No news found.
BPCL,Bharat Petroleum Corporation Ltd.,Oil Gas & Consumable Fuels,284.8,262,2026-05-19,-1.0,PE,250.0,0.41,814,1.27,94.45,64084.55,No upcoming events found.,No upcoming events found.,No news found.
PFC,Power Finance Corporation Ltd.,Financial Services,427.05,418,2026-05-13,-7.0,CE,475.0,0.62,812,1.13,95.54,72179.9,No upcoming events found.,No upcoming events found.,No news found.
HINDZINC,Hindustan Zinc Ltd.,Metals & Mining,630.85,512,2026-04-30,-20.0,PE,550.0,0.66,811,0.72,95.61,112562.6875,No upcoming events found.,No upcoming events found.,No news found.
IOC,Indian Oil Corporation Ltd.,Oil Gas & Consumable Fuels,134.54,145,2026-05-18,-2.0,CE,162.0,0.16,804,1.93,97.7,41697.33125,No upcoming events found.,No upcoming events found.,No news found.
HYUNDAI,Hyundai Motor India Ltd.,Automobile and Auto Components,1777.3,1708,2026-05-08,-12.0,CE,2000.0,2.91,800,1.62,96.13,49320.5375,No upcoming events found.,No upcoming events found.,No news found.
TECHM,Tech Mahindra Ltd.,Information Technology,1470.6,1436,2026-04-22,-28.0,PE,1320.0,1.33,795,0.83,96.7,95568.0,No upcoming events found.,No upcoming events found.,No news found.
IOC,Indian Oil Corporation Ltd.,Oil Gas & Consumable Fuels,134.54,145,2026-05-18,-2.0,CE,157.0,0.16,792,1.58,96.69,50131.08125,No upcoming events found.,No upcoming events found.,No news found.
HAL,Hindustan Aeronautics Ltd.,Capital Goods,4307.5,3765,2026-05-14,-6.0,CE,4850.0,5.21,781,1.03,96.59,75680.625,No upcoming events found.,No upcoming events found.,No news found.
BOSCHLTD,Bosch Ltd.,Automobile and Auto Components,37040.0,32123,2026-05-20,0.0,PE,32000.0,31.14,778,0.89,95.93,87882.375,No upcoming events found.,No upcoming events found.,No news found.
BANKBARODA,Bank of Baroda,Financial Services,260.75,248,2026-05-08,-12.0,PE,230.0,0.26,767,0.93,95.7,82489.86875,No upcoming events found.,No upcoming events found.,No news found.
CGPOWER,CG Power and Industrial Solutions Ltd.,Capital Goods,813.25,675,2026-05-06,-14.0,PE,720.0,0.9,764,0.87,95.8,87529.8125,No upcoming events found.,No upcoming events found.,No news found.
ABB,ABB India Ltd.,Capital Goods,6409.0,6210,2026-05-08,-12.0,CE,7200.0,6.11,764,0.84,96.72,91444.3125,No upcoming events found.,No upcoming events found.,No news found.
TATASTEEL,Tata Steel Ltd.,Metals & Mining,210.75,206,2026-05-15,-5.0,CE,235.0,0.28,756,1.24,95.81,60747.5875,No upcoming events found.,No upcoming events found.,No news found.
MUTHOOTFIN,Muthoot Finance Ltd.,Financial Services,3298.6,3304,2026-05-14,-6.0,CE,3900.0,2.74,752,0.76,97.81,99165.1625,No upcoming events found.,No upcoming events found.,No news found.
WIPRO,Wipro Ltd.,Information Technology,196.56,205,2026-04-16,-34.0,CE,220.0,0.25,750,1.27,96.63,59036.775,No upcoming events found.,No upcoming events found.,No news found.
HDFCAMC,HDFC Asset Management Company Ltd.,Financial Services,2606.4,2398,2026-04-16,-34.0,CE,2900.0,2.5,750,0.79,96.51,95240.55,No upcoming events found.,No upcoming events found.,No news found.
IOC,Indian Oil Corporation Ltd.,Oil Gas & Consumable Fuels,134.54,145,2026-05-18,-2.0,CE,158.0,0.15,743,1.54,97.08,48425.08125,No upcoming events found.,No upcoming events found.,No news found.
IOC,Indian Oil Corporation Ltd.,Oil Gas & Consumable Fuels,134.54,120,2026-05-18,-2.0,PE,120.0,0.15,743,1.01,95.49,73677.58125,No upcoming events found.,No upcoming events found.,No news found.
PNB,Punjab National Bank,Financial Services,100.53,115,2026-05-05,-15.0,CE,117.0,0.09,740,1.01,97.69,72977.2,No upcoming events found.,No upcoming events found.,No news found.
JIOFIN,Jio Financial Services Ltd.,Financial Services,232.86,239,2026-04-17,-33.0,CE,277.5,0.31,734,0.57,96.37,129265.3925,No upcoming events found.,No upcoming events found.,No news found.
PFC,Power Finance Corporation Ltd.,Financial Services,427.05,418,2026-05-13,-7.0,CE,480.0,0.56,731,1.05,96.31,69878.9,No upcoming events found.,No upcoming events found.,No news found.
WIPRO,Wipro Ltd.,Information Technology,196.56,184,2026-04-16,-34.0,PE,160.0,0.24,720,1.34,98.72,53756.775,No upcoming events found.,No upcoming events found.,No news found.
PIDILITIND,Pidilite Industries Ltd.,Chemicals,1470.2,1297,2026-05-07,-13.0,CE,1620.0,1.44,718,1.06,97.19,68053.5,No upcoming events found.,No upcoming events found.,No news found.
RECLTD,REC Ltd.,Financial Services,334.3,338,2026-04-28,-22.0,CE,370.0,0.51,717,1.19,95.13,60087.3,No upcoming events found.,No upcoming events found.,No news found.
BPCL,Bharat Petroleum Corporation Ltd.,Oil Gas & Consumable Fuels,284.8,288,2026-05-19,-1.0,CE,350.0,0.36,715,1.88,97.46,38034.55,No upcoming events found.,No upcoming events found.,No news found.
HCLTECH,HCL Technologies Ltd.,Information Technology,1168.8,1411,2026-04-24,-26.0,CE,1290.0,2.04,713,1.86,94.43,38279.85,No upcoming events found.,No upcoming events found.,No news found.
MAZDOCK,Mazagoan Dock Shipbuilders Ltd.,Capital Goods,2463.9,2326,2026-04-30,-20.0,CE,2860.0,3.56,712,0.99,97.22,72188.1,No upcoming events found.,No upcoming events found.,No news found.
TECHM,Tech Mahindra Ltd.,Information Technology,1470.6,1459,2026-04-22,-28.0,CE,1720.0,1.18,705,1.22,98.92,57630.0,No upcoming events found.,No upcoming events found.,No news found.
ADANIGREEN,Adani Green Energy Ltd.,Power,1380.0,906,2026-04-24,-26.0,PE,1000.0,1.18,705,0.69,98.12,101493.0,No upcoming events found.,No upcoming events found.,No news found.
VEDL,Vedanta Ltd.,Metals & Mining,326.8,661,2026-04-29,-21.0,PE,280.0,0.61,704,1.51,94.05,46776.25,No upcoming events found.,No upcoming events found.,No news found.
HINDZINC,Hindustan Zinc Ltd.,Metals & Mining,630.85,548,2026-04-30,-20.0,CE,750.0,0.58,704,0.69,97.99,101500.1875,No upcoming events found.,No upcoming events found.,No news found.
VEDL,Vedanta Ltd.,Metals & Mining,326.8,707,2026-04-29,-21.0,CE,380.0,0.61,704,1.58,96.23,44626.25,No upcoming events found.,No upcoming events found.,No news found.
LODHA,Lodha Developers Ltd.,Realty,872.3,692,2026-04-24,-26.0,PE,770.0,1.55,697,1.2,94.16,58032.5625,No upcoming events found.,No upcoming events found.,No news found.
ULTRACEMCO,UltraTech Cement Ltd.,Construction Materials,11489.0,10943,2026-04-27,-23.0,PE,9500.0,13.84,691,1.66,99.13,41578.75,No upcoming events found.,No upcoming events found.,No news found.
HINDZINC,Hindustan Zinc Ltd.,Metals & Mining,630.85,548,2026-04-30,-20.0,CE,740.0,0.56,689,0.65,97.54,105714.1875,No upcoming events found.,No upcoming events found.,No news found.
INDHOTEL,Indian Hotels Co. Ltd.,Consumer Services,651.45,602,2026-05-11,-9.0,CE,720.0,0.69,687,1.0,96.93,68769.25,No upcoming events found.,No upcoming events found.,No news found.
SBIN,State Bank of India,Financial Services,944.5,1044,2026-05-15,-5.0,CE,1040.0,0.91,684,0.99,96.32,69262.25,No upcoming events found.,No upcoming events found.,No news found.
MAZDOCK,Mazagoan Dock Shipbuilders Ltd.,Capital Goods,2463.9,2303,2026-04-30,-20.0,PE,2160.0,3.41,682,0.84,95.47,80960.1,No upcoming events found.,No upcoming events found.,No news found.
HAL,Hindustan Aeronautics Ltd.,Capital Goods,4307.5,3743,2026-05-14,-6.0,PE,3850.0,4.46,669,0.86,95.27,77591.625,No upcoming events found.,No upcoming events found.,No news found.
JIOFIN,Jio Financial Services Ltd.,Financial Services,232.86,239,2026-04-17,-33.0,CE,280.0,0.29,669,0.52,97.49,127691.3925,No upcoming events found.,No upcoming events found.,No news found.
RECLTD,REC Ltd.,Financial Services,334.3,338,2026-04-28,-22.0,CE,375.0,0.48,665,1.15,96.18,57595.3,No upcoming events found.,No upcoming events found.,No news found.
MUTHOOTFIN,Muthoot Finance Ltd.,Financial Services,3298.6,3304,2026-05-14,-6.0,CE,4000.0,2.4,660,0.74,98.29,89496.4125,No upcoming events found.,No upcoming events found.,No news found.
PNB,Punjab National Bank,Financial Services,100.53,115,2026-05-05,-15.0,CE,118.0,0.08,660,0.94,97.79,70177.2,No upcoming events found.,No upcoming events found.,No news found.
PNB,Punjab National Bank,Financial Services,100.53,95,2026-05-05,-15.0,PE,90.0,0.08,660,0.69,95.23,94977.2,No upcoming events found.,No upcoming events found.,No news found.
JINDALSTEL,Jindal Steel Ltd.,Metals & Mining,1228.1,1145,2026-05-01,-19.0,CE,1360.0,1.04,648,0.73,97.2,88626.875,No upcoming events found.,No upcoming events found.,No news found.
CHOLAFIN,Cholamandalam Investment and Finance Company Ltd.,Financial Services,1518.2,1404,2026-04-30,-20.0,CE,1720.0,1.04,648,0.57,97.33,113410.3125,No upcoming events found.,No upcoming events found.,No news found.
HAL,Hindustan Aeronautics Ltd.,Capital Goods,4307.5,3765,2026-05-14,-6.0,CE,4900.0,4.31,646,0.89,97.04,73015.125,No upcoming events found.,No upcoming events found.,No news found.
VBL,Varun Beverages Ltd.,Fast Moving Consumer Goods,512.95,417,2026-04-30,-20.0,CE,565.0,0.58,646,0.94,95.69,68639.0625,No upcoming events found.,No upcoming events found.,No news found.
POWERGRID,Power Grid Corporation of India Ltd.,Power,296.5,305,2026-05-15,-5.0,CE,327.5,0.34,641,1.15,97.33,55820.575,No upcoming events found.,No upcoming events found.,No news found.
UNIONBANK,Union Bank of India,Financial Services,159.52,186,2026-04-23,-27.0,CE,190.0,0.14,630,0.86,97.88,73459.83875,No upcoming events found.,No upcoming events found.,No news found.
HINDZINC,Hindustan Zinc Ltd.,Metals & Mining,630.85,548,2026-04-30,-20.0,CE,760.0,0.51,627,0.65,98.11,97212.9375,No upcoming events found.,No upcoming events found.,No news found.
KOTAKBANK,Kotak Mahindra Bank Ltd.,Financial Services,390.0,350,2026-05-02,-18.0,PE,350.0,0.31,625,0.82,95.04,76386.0,No upcoming events found.,No upcoming events found.,No news found.
CANBK,Canara Bank,Financial Services,125.66,143,2026-05-11,-9.0,CE,150.0,0.09,624,0.86,98.08,72910.625,No upcoming events found.,No upcoming events found.,No news found.
BANKBARODA,Bank of Baroda,Financial Services,260.75,248,2026-05-08,-12.0,PE,220.0,0.21,621,0.86,96.9,72164.61875,No upcoming events found.,No upcoming events found.,No news found.
PFC,Power Finance Corporation Ltd.,Financial Services,427.05,418,2026-05-13,-7.0,CE,490.0,0.48,617,0.95,97.21,65315.9,No upcoming events found.,No upcoming events found.,No news found.
TATAPOWER,Tata Power Co. Ltd.,Power,405.65,394,2026-05-12,-8.0,CE,450.0,0.43,616,1.09,96.75,56408.7625,No upcoming events found.,No upcoming events found.,No news found.
TVSMOTOR,TVS Motor Company Ltd.,Automobile and Auto Components,3311.4,3500,2026-05-13,-7.0,CE,3700.0,3.48,608,1.06,96.33,57341.625,No upcoming events found.,No upcoming events found.,No news found.
SOLARINDS,Solar Industries India Ltd.,Chemicals,18382.0,13291,2026-05-15,-5.0,PE,15000.0,12.07,603,0.62,97.58,97624.75,No upcoming events found.,No upcoming events found.,No news found.
ABB,ABB India Ltd.,Capital Goods,6409.0,6210,2026-05-08,-12.0,CE,7300.0,4.81,601,0.69,97.67,86967.0625,No upcoming events found.,No upcoming events found.,No news found.
M&M,Mahindra & Mahindra Ltd.,Automobile and Auto Components,3092.6,3030,2026-05-05,-15.0,CE,3500.0,3.0,600,0.97,96.95,62035.9,No upcoming events found.,No upcoming events found.,No news found.
IOC,Indian Oil Corporation Ltd.,Oil Gas & Consumable Fuels,134.54,145,2026-05-18,-2.0,CE,160.0,0.12,597,1.33,97.68,44915.33125,No upcoming events found.,No upcoming events found.,No news found.
INFY,Infosys Ltd.,Information Technology,1182.1,1292,2026-04-23,-27.0,PE,1060.0,1.49,594,1.16,97.49,51103.0,No upcoming events found.,No upcoming events found.,No news found.
TECHM,Tech Mahindra Ltd.,Information Technology,1470.6,1436,2026-04-22,-28.0,PE,1300.0,0.99,592,0.65,96.32,91104.0,No upcoming events found.,No upcoming events found.,No news found.
MUTHOOTFIN,Muthoot Finance Ltd.,Financial Services,3298.6,3278,2026-05-14,-6.0,PE,2800.0,2.15,591,0.54,97.01,109917.9125,No upcoming events found.,No upcoming events found.,No news found.
CANBK,Canara Bank,Financial Services,125.66,143,2026-05-11,-9.0,CE,153.0,0.09,590,0.9,98.71,65957.625,No upcoming events found.,No upcoming events found.,No news found.
DLF,DLF Ltd.,Realty,576.7,517,2026-05-13,-7.0,PE,515.0,0.71,587,0.46,94.86,127003.01875,No upcoming events found.,No upcoming events found.,No news found.
HINDZINC,Hindustan Zinc Ltd.,Metals & Mining,630.85,548,2026-04-30,-20.0,CE,770.0,0.48,581,0.63,98.49,92839.4375,No upcoming events found.,No upcoming events found.,No news found.
HINDZINC,Hindustan Zinc Ltd.,Metals & Mining,630.85,512,2026-04-30,-20.0,PE,530.0,0.48,581,0.56,97.78,103325.4375,No upcoming events found.,No upcoming events found.,No news found.
PNB,Punjab National Bank,Financial Services,100.53,115,2026-05-05,-15.0,CE,120.0,0.07,580,0.9,98.15,64657.2,No upcoming events found.,No upcoming events found.,No news found.
RECLTD,REC Ltd.,Financial Services,334.3,319,2026-04-28,-22.0,PE,300.0,0.41,577,0.94,94.65,61151.3,No upcoming events found.,No upcoming events found.,No news found.
RECLTD,REC Ltd.,Financial Services,334.3,338,2026-04-28,-22.0,CE,380.0,0.41,577,1.05,97.12,55201.3,No upcoming events found.,No upcoming events found.,No news found.
COALINDIA,Coal India Ltd.,Oil Gas & Consumable Fuels,460.0,469,2026-04-27,-23.0,CE,530.0,0.43,573,1.09,97.61,52492.725,No upcoming events found.,No upcoming events found.,No news found.
SBIN,State Bank of India,Financial Services,944.5,1044,2026-05-15,-5.0,CE,1050.0,0.76,571,0.86,96.82,66554.75,No upcoming events found.,No upcoming events found.,No news found.
WIPRO,Wipro Ltd.,Information Technology,196.56,205,2026-04-16,-34.0,CE,225.0,0.19,570,1.06,96.46,53816.775,No upcoming events found.,No upcoming events found.,No news found.
TVSMOTOR,TVS Motor Company Ltd.,Automobile and Auto Components,3311.4,3500,2026-05-13,-7.0,CE,3740.0,3.19,557,1.02,96.73,54871.875,No upcoming events found.,No upcoming events found.,No news found.
MAZDOCK,Mazagoan Dock Shipbuilders Ltd.,Capital Goods,2463.9,2326,2026-04-30,-20.0,CE,2900.0,2.77,555,0.8,97.2,69300.1,No upcoming events found.,No upcoming events found.,No news found.
UNIONBANK,Union Bank of India,Financial Services,159.52,163,2026-04-23,-27.0,PE,140.0,0.12,553,0.6,96.5,91646.83875,No upcoming events found.,No upcoming events found.,No news found.
IOC,Indian Oil Corporation Ltd.,Oil Gas & Consumable Fuels,134.54,120,2026-05-18,-2.0,PE,118.0,0.11,548,0.79,96.84,69631.33125,No upcoming events found.,No upcoming events found.,No news found.
VBL,Varun Beverages Ltd.,Fast Moving Consumer Goods,512.95,390,2026-04-30,-20.0,PE,460.0,0.48,534,0.77,94.88,68998.8125,No upcoming events found.,No upcoming events found.,No news found.
HAL,Hindustan Aeronautics Ltd.,Capital Goods,4307.5,3743,2026-05-14,-6.0,PE,3800.0,3.5,525,0.7,96.24,74896.625,No upcoming events found.,No upcoming events found.,No news found.
RECLTD,REC Ltd.,Financial Services,334.3,319,2026-04-28,-22.0,PE,295.0,0.38,525,0.9,95.95,58505.3,No upcoming events found.,No upcoming events found.,No news found.
RECLTD,REC Ltd.,Financial Services,334.3,338,2026-04-28,-22.0,CE,385.0,0.38,525,1.0,97.32,52653.3,No upcoming events found.,No upcoming events found.,No news found.
INDHOTEL,Indian Hotels Co. Ltd.,Consumer Services,651.45,586,2026-05-11,-9.0,PE,580.0,0.53,525,0.76,96.4,69509.25,No upcoming events found.,No upcoming events found.,No news found.
JIOFIN,Jio Financial Services Ltd.,Financial Services,232.86,239,2026-04-17,-33.0,CE,300.0,0.22,522,0.46,98.64,112627.8925,No upcoming events found.,No upcoming events found.,No news found.
TRENT,Trent Ltd.,Consumer Services,4049.1,3848,2026-04-22,-28.0,CE,4500.0,5.21,521,0.98,95.36,53166.05,No upcoming events found.,No upcoming events found.,No news found.
BPCL,Bharat Petroleum Corporation Ltd.,Oil Gas & Consumable Fuels,284.8,288,2026-05-19,-1.0,CE,360.0,0.26,518,1.63,98.22,31853.05,No upcoming events found.,No upcoming events found.,No news found.
UNITDSPR,United Spirits Ltd.,Fast Moving Consumer Goods,1318.4,1227,2026-05-14,-6.0,CE,1460.0,1.27,509,1.0,96.78,51191.8,No upcoming events found.,No upcoming events found.,No news found.
SIEMENS,Siemens Ltd.,Capital Goods,3536.1,3061,,,CE,4200.0,2.9,507,0.83,98.04,61259.9875,No upcoming events found.,No upcoming events found.,No news found.
DLF,DLF Ltd.,Realty,576.7,517,2026-05-13,-7.0,PE,480.0,0.61,505,0.43,98.15,116582.51875,No upcoming events found.,No upcoming events found.,No news found.
TATASTEEL,Tata Steel Ltd.,Metals & Mining,210.75,206,2026-05-15,-5.0,CE,240.0,0.18,501,0.9,97.22,55714.5875,No upcoming events found.,No upcoming events found.,No news found.
HAL,Hindustan Aeronautics Ltd.,Capital Goods,4307.5,3743,2026-05-14,-6.0,PE,3700.0,3.34,500,0.72,97.46,69488.125,No upcoming events found.,No upcoming events found.,No news found.
INFY,Infosys Ltd.,Information Technology,1182.1,1292,2026-04-23,-27.0,PE,1050.0,1.25,500,1.01,97.75,49655.0,No upcoming events found.,No upcoming events found.,No news found.
CHOLAFIN,Cholamandalam Investment and Finance Company Ltd.,Financial Services,1518.2,1404,2026-04-30,-20.0,CE,1800.0,0.8,500,0.52,98.62,95754.3125,No upcoming events found.,No upcoming events found.,No news found.
IRFC,Indian Railway Finance Corporation Ltd.,Financial Services,98.01,104,2026-05-14,-6.0,CE,118.0,0.12,499,1.17,98.01,42619.925,No upcoming events found.,No upcoming events found.,No news found.
POWERGRID,Power Grid Corporation of India Ltd.,Power,296.5,305,2026-05-15,-5.0,CE,330.0,0.26,498,0.92,96.98,54167.575,No upcoming events found.,No upcoming events found.,No news found.
TVSMOTOR,TVS Motor Company Ltd.,Automobile and Auto Components,3311.4,3500,2026-05-13,-7.0,CE,3760.0,2.85,498,0.93,97.29,53542.125,No upcoming events found.,No upcoming events found.,No news found.
SBIN,State Bank of India,Financial Services,944.5,1044,2026-05-15,-5.0,CE,1060.0,0.66,496,0.78,97.58,63869.75,No upcoming events found.,No upcoming events found.,No news found.
SBIN,State Bank of India,Financial Services,944.5,1022,2026-05-15,-5.0,PE,850.0,0.66,496,0.69,96.32,71496.75,No upcoming events found.,No upcoming events found.,No news found.
MUTHOOTFIN,Muthoot Finance Ltd.,Financial Services,3298.6,3304,2026-05-14,-6.0,CE,4100.0,1.8,495,0.62,98.8,79923.4125,No upcoming events found.,No upcoming events found.,No news found.
HAL,Hindustan Aeronautics Ltd.,Capital Goods,4307.5,3765,2026-05-14,-6.0,CE,5000.0,3.29,493,0.73,97.74,67672.625,No upcoming events found.,No upcoming events found.,No news found.
PFC,Power Finance Corporation Ltd.,Financial Services,427.05,418,2026-05-13,-7.0,CE,500.0,0.38,487,0.8,97.96,60687.9,No upcoming events found.,No upcoming events found.,No news found.
AMBUJACEM,Ambuja Cements Ltd.,Construction Materials,432.15,438,2026-05-04,-16.0,CE,500.0,0.46,485,0.44,97.19,109922.1375,No upcoming events found.,No upcoming events found.,No news found.
HAL,Hindustan Aeronautics Ltd.,Capital Goods,4307.5,3765,2026-05-14,-6.0,CE,5050.0,3.22,483,0.74,97.87,65044.125,No upcoming events found.,No upcoming events found.,No news found.
HAL,Hindustan Aeronautics Ltd.,Capital Goods,4307.5,3765,2026-05-14,-6.0,CE,5200.0,3.23,483,0.85,98.61,57100.125,No upcoming events found.,No upcoming events found.,No news found.
TITAN,Titan Company Ltd.,Consumer Durables,4139.0,4239,2026-05-08,-12.0,PE,3650.0,2.75,481,0.73,96.83,66335.9125,No upcoming events found.,No upcoming events found.,No news found.
RELIANCE,Reliance Industries Ltd.,Oil Gas & Consumable Fuels,1338.5,1311,2026-04-24,-26.0,CE,1480.0,0.96,481,0.74,96.79,65263.25,No upcoming events found.,No upcoming events found.,No news found.
SOLARINDS,Solar Industries India Ltd.,Chemicals,18382.0,13291,2026-05-15,-5.0,PE,14000.0,9.51,475,0.6,98.39,79728.25,No upcoming events found.,No upcoming events found.,No news found.
ABB,ABB India Ltd.,Capital Goods,6409.0,6210,2026-05-08,-12.0,CE,7400.0,3.8,475,0.58,98.15,82506.8125,No upcoming events found.,No upcoming events found.,No news found.
VEDL,Vedanta Ltd.,Metals & Mining,326.8,707,2026-04-29,-21.0,CE,390.0,0.41,474,1.18,97.57,40347.75,No upcoming events found.,No upcoming events found.,No news found.
VEDL,Vedanta Ltd.,Metals & Mining,326.8,661,2026-04-29,-21.0,PE,270.0,0.41,474,1.12,96.28,42486.75,No upcoming events found.,No upcoming events found.,No news found.
TVSMOTOR,TVS Motor Company Ltd.,Automobile and Auto Components,3311.4,3479,2026-05-13,-7.0,PE,2960.0,2.71,474,0.77,96.06,61690.125,No upcoming events found.,No upcoming events found.,No news found.
LODHA,Lodha Developers Ltd.,Realty,872.3,692,2026-04-24,-26.0,PE,750.0,1.05,472,0.86,96.29,54761.5625,No upcoming events found.,No upcoming events found.,No news found.
DMART,Avenue Supermarts Ltd.,Consumer Services,4287.6,4565,2026-05-02,-18.0,CE,4800.0,3.1,465,0.73,97.18,63364.175,No upcoming events found.,No upcoming events found.,No news found.
SBIN,State Bank of India,Financial Services,944.5,1044,2026-05-15,-5.0,CE,1070.0,0.61,459,0.75,97.24,61184.75,No upcoming events found.,No upcoming events found.,No news found.
SIEMENS,Siemens Ltd.,Capital Goods,3536.1,3061,,,CE,4300.0,2.6,455,0.83,98.19,54666.2375,No upcoming events found.,No upcoming events found.,No news found.
TATAPOWER,Tata Power Co. Ltd.,Power,405.65,394,2026-05-12,-8.0,CE,460.0,0.31,453,0.88,97.78,51231.7625,No upcoming events found.,No upcoming events found.,No news found.
TATAPOWER,Tata Power Co. Ltd.,Power,405.65,377,2026-05-12,-8.0,PE,365.0,0.31,453,0.77,95.98,59105.2625,No upcoming events found.,No upcoming events found.,No news found.
TATAPOWER,Tata Power Co. Ltd.,Power,405.65,394,2026-05-12,-8.0,CE,455.0,0.31,453,0.84,97.28,53827.2625,No upcoming events found.,No upcoming events found.,No news found.
IOC,Indian Oil Corporation Ltd.,Oil Gas & Consumable Fuels,134.54,120,2026-05-18,-2.0,PE,116.0,0.09,450,0.68,97.48,66023.58125,No upcoming events found.,No upcoming events found.,No news found.
GODREJCP,Godrej Consumer Products Ltd.,Fast Moving Consumer Goods,1029.4,1009,2026-05-12,-8.0,CE,1140.0,0.9,449,0.97,97.08,46452.0,No upcoming events found.,No upcoming events found.,No news found.
RELIANCE,Reliance Industries Ltd.,Oil Gas & Consumable Fuels,1338.5,1297,2026-04-24,-26.0,PE,1180.0,0.9,449,0.72,96.99,62308.25,No upcoming events found.,No upcoming events found.,No news found.
TVSMOTOR,TVS Motor Company Ltd.,Automobile and Auto Components,3311.4,3500,2026-05-13,-7.0,CE,3840.0,2.56,448,0.92,98.33,48507.875,No upcoming events found.,No upcoming events found.,No news found.
MOTHERSON,Samvardhana Motherson International Ltd.,Automobile and Auto Components,129.94,96,2026-05-20,0.0,PE,105.0,0.07,445,0.52,98.17,85461.4375,No upcoming events found.,No upcoming events found.,No news found.
MAZDOCK,Mazagoan Dock Shipbuilders Ltd.,Capital Goods,2463.9,2326,2026-04-30,-20.0,CE,3000.0,2.23,445,0.71,97.84,62300.1,No upcoming events found.,No upcoming events found.,No news found.
BPCL,Bharat Petroleum Corporation Ltd.,Oil Gas & Consumable Fuels,284.8,288,2026-05-19,-1.0,CE,370.0,0.23,444,1.22,98.9,36462.7,No upcoming events found.,No upcoming events found.,No news found.
WIPRO,Wipro Ltd.,Information Technology,196.56,205,2026-04-16,-34.0,CE,230.0,0.15,442,0.91,97.98,48536.775,No upcoming events found.,No upcoming events found.,No news found.
RELIANCE,Reliance Industries Ltd.,Oil Gas & Consumable Fuels,1338.5,1311,2026-04-24,-26.0,CE,1490.0,0.88,437,0.69,97.06,63498.25,No upcoming events found.,No upcoming events found.,No news found.
RECLTD,REC Ltd.,Financial Services,334.3,338,2026-04-28,-22.0,CE,390.0,0.31,437,0.87,97.7,50147.3,No upcoming events found.,No upcoming events found.,No news found.
VEDL,Vedanta Ltd.,Metals & Mining,326.8,661,2026-04-29,-21.0,PE,260.0,0.38,431,1.12,96.97,38404.25,No upcoming events found.,No upcoming events found.,No news found.
SOLARINDS,Solar Industries India Ltd.,Chemicals,18382.0,13291,2026-05-15,-5.0,PE,13000.0,8.52,426,0.69,98.82,62097.25,No upcoming events found.,No upcoming events found.,No news found.
VBL,Varun Beverages Ltd.,Fast Moving Consumer Goods,512.95,390,2026-04-30,-20.0,PE,450.0,0.38,421,0.65,96.05,65028.3125,No upcoming events found.,No upcoming events found.,No news found.
CANBK,Canara Bank,Financial Services,125.66,143,2026-05-11,-9.0,CE,155.0,0.06,421,0.69,98.62,61098.125,No upcoming events found.,No upcoming events found.,No news found.
SBIN,State Bank of India,Financial Services,944.5,1044,2026-05-15,-5.0,CE,1090.0,0.56,421,0.75,97.56,55889.75,No upcoming events found.,No upcoming events found.,No news found.
SBIN,State Bank of India,Financial Services,944.5,1044,2026-05-15,-5.0,CE,1080.0,0.56,421,0.72,97.83,58537.25,No upcoming events found.,No upcoming events found.,No news found.
PNB,Punjab National Bank,Financial Services,100.53,95,2026-05-05,-15.0,PE,88.0,0.05,420,0.47,97.74,89137.2,No upcoming events found.,No upcoming events found.,No news found.
HCLTECH,HCL Technologies Ltd.,Information Technology,1168.8,1411,2026-04-24,-26.0,CE,1300.0,1.19,415,1.12,95.02,37030.85,No upcoming events found.,No upcoming events found.,No news found.
RELIANCE,Reliance Industries Ltd.,Oil Gas & Consumable Fuels,1338.5,1311,2026-04-24,-26.0,CE,1500.0,0.81,406,0.66,97.42,61728.25,No upcoming events found.,No upcoming events found.,No news found.
TATASTEEL,Tata Steel Ltd.,Metals & Mining,210.75,188,2026-05-15,-5.0,PE,180.0,0.15,405,0.73,97.76,55577.5875,No upcoming events found.,No upcoming events found.,No news found.
VEDL,Vedanta Ltd.,Metals & Mining,326.8,661,2026-04-29,-21.0,PE,220.0,0.35,402,1.4,98.98,28678.625,No upcoming events found.,No upcoming events found.,No news found.
HCLTECH,HCL Technologies Ltd.,Information Technology,1168.8,1411,2026-04-24,-26.0,CE,1360.0,1.15,402,1.37,97.57,29453.35,No upcoming events found.,No upcoming events found.,No news found.
MARUTI,Maruti Suzuki India Ltd.,Automobile and Auto Components,13021.0,12702,2026-04-28,-22.0,CE,14500.0,7.97,398,0.64,97.68,62105.5,No upcoming events found.,No upcoming events found.,No news found.
TATAPOWER,Tata Power Co. Ltd.,Power,405.65,394,2026-05-12,-8.0,CE,475.0,0.28,398,0.91,98.43,43605.2625,No upcoming events found.,No upcoming events found.,No news found.
TVSMOTOR,TVS Motor Company Ltd.,Automobile and Auto Components,3311.4,3500,2026-05-13,-7.0,CE,3800.0,2.27,398,0.78,97.6,50994.375,No upcoming events found.,No upcoming events found.,No news found.
HAL,Hindustan Aeronautics Ltd.,Capital Goods,4307.5,3765,2026-05-14,-6.0,CE,5100.0,2.62,393,0.63,98.52,62354.625,No upcoming events found.,No upcoming events found.,No news found.
TITAN,Titan Company Ltd.,Consumer Durables,4139.0,4253,2026-05-08,-12.0,CE,4600.0,2.24,391,0.54,97.68,72411.4125,No upcoming events found.,No upcoming events found.,No news found.
HDFCBANK,HDFC Bank Ltd.,Financial Services,767.0,775,2026-04-18,-32.0,CE,850.0,0.71,391,0.94,96.65,41736.0125,No upcoming events found.,No upcoming events found.,No news found.
INFY,Infosys Ltd.,Information Technology,1182.1,1292,2026-04-23,-27.0,PE,1040.0,0.98,390,0.81,98.46,48119.0,No upcoming events found.,No upcoming events found.,No news found.
ABB,ABB India Ltd.,Capital Goods,6409.0,6210,2026-05-08,-12.0,CE,8400.0,3.12,390,0.7,99.48,55919.59375,No upcoming events found.,No upcoming events found.,No news found.
SBIN,State Bank of India,Financial Services,944.5,1022,2026-05-15,-5.0,PE,840.0,0.51,384,0.56,97.2,68759.75,No upcoming events found.,No upcoming events found.,No news found.
SOLARINDS,Solar Industries India Ltd.,Chemicals,18382.0,13291,2026-05-15,-5.0,PE,13500.0,7.62,381,0.54,98.75,70846.75,No upcoming events found.,No upcoming events found.,No news found.
PIDILITIND,Pidilite Industries Ltd.,Chemicals,1470.2,1297,2026-05-07,-13.0,CE,1660.0,0.76,381,0.62,98.12,61068.5,No upcoming events found.,No upcoming events found.,No news found.
TATAPOWER,Tata Power Co. Ltd.,Power,405.65,394,2026-05-12,-8.0,CE,465.0,0.26,380,0.78,98.23,48636.2625,No upcoming events found.,No upcoming events found.,No news found.
BRITANNIA,Britannia Industries Ltd.,Fast Moving Consumer Goods,5425.5,5542,2026-05-07,-13.0,CE,6000.0,3.0,375,0.59,97.03,63920.1875,No upcoming events found.,No upcoming events found.,No news found.
ULTRACEMCO,UltraTech Cement Ltd.,Construction Materials,11489.0,10963,2026-04-27,-23.0,CE,12800.0,7.49,374,0.66,97.81,56609.25,No upcoming events found.,No upcoming events found.,No news found.
HAL,Hindustan Aeronautics Ltd.,Capital Goods,4307.5,3743,2026-05-14,-6.0,PE,3500.0,2.49,373,0.63,98.37,58900.625,No upcoming events found.,No upcoming events found.,No news found.
TMPV,Tata Motors Passenger Vehicles Ltd.,Automobile and Auto Components,354.45,314,2026-05-14,-6.0,CE,390.0,0.46,370,1.09,94.89,34040.2,No upcoming events found.,No upcoming events found.,No news found.
RECLTD,REC Ltd.,Financial Services,334.3,338,2026-04-28,-22.0,CE,400.0,0.26,367,0.81,98.36,45219.3,No upcoming events found.,No upcoming events found.,No news found.
BANKBARODA,Bank of Baroda,Financial Services,260.75,269,2026-05-08,-12.0,CE,320.0,0.12,365,0.7,98.96,52303.86875,No upcoming events found.,No upcoming events found.,No news found.
UNIONBANK,Union Bank of India,Financial Services,159.52,186,2026-04-23,-27.0,CE,200.0,0.08,365,0.63,98.93,58016.588749999995,No upcoming events found.,No upcoming events found.,No news found.
SIEMENS,Siemens Ltd.,Capital Goods,3536.1,3061,,,CE,4400.0,2.09,365,0.74,98.83,49085.2375,No upcoming events found.,No upcoming events found.,No news found.
TATASTEEL,Tata Steel Ltd.,Metals & Mining,210.75,206,2026-05-15,-5.0,CE,245.0,0.13,364,0.72,97.82,50820.0875,No upcoming events found.,No upcoming events found.,No news found.
VEDL,Vedanta Ltd.,Metals & Mining,326.8,707,2026-04-29,-21.0,CE,400.0,0.31,359,0.99,98.3,36300.25,No upcoming events found.,No upcoming events found.,No news found.
DMART,Avenue Supermarts Ltd.,Consumer Services,4287.6,4565,2026-05-02,-18.0,CE,4900.0,2.38,356,0.61,98.95,57975.675,No upcoming events found.,No upcoming events found.,No news found.
CANBK,Canara Bank,Financial Services,125.66,143,2026-05-11,-9.0,CE,160.0,0.05,354,0.7,99.07,50500.125,No upcoming events found.,No upcoming events found.,No news found.
TRENT,Trent Ltd.,Consumer Services,4049.1,3848,2026-04-22,-28.0,CE,4600.0,3.54,353,0.71,96.44,49604.05,No upcoming events found.,No upcoming events found.,No news found.
TATASTEEL,Tata Steel Ltd.,Metals & Mining,210.75,188,2026-05-15,-5.0,PE,185.0,0.13,350,0.58,97.01,60500.0875,No upcoming events found.,No upcoming events found.,No news found.
SBIN,State Bank of India,Financial Services,944.5,1044,2026-05-15,-5.0,CE,1100.0,0.46,346,0.65,98.29,53249.25,No upcoming events found.,No upcoming events found.,No news found.
MUTHOOTFIN,Muthoot Finance Ltd.,Financial Services,3298.6,3278,2026-05-14,-6.0,PE,2700.0,1.22,336,0.34,98.53,99539.4125,No upcoming events found.,No upcoming events found.,No news found.
HYUNDAI,Hyundai Motor India Ltd.,Automobile and Auto Components,1777.3,1708,2026-05-08,-12.0,CE,2160.0,1.23,336,1.0,98.92,33719.2875,No upcoming events found.,No upcoming events found.,No news found.
DMART,Avenue Supermarts Ltd.,Consumer Services,4287.6,4565,2026-05-02,-18.0,CE,5200.0,2.24,335,0.79,98.76,42468.675,No upcoming events found.,No upcoming events found.,No news found.
MARUTI,Maruti Suzuki India Ltd.,Automobile and Auto Components,13021.0,12702,2026-04-28,-22.0,CE,15000.0,6.68,333,0.63,98.74,53228.5,No upcoming events found.,No upcoming events found.,No news found.
PIDILITIND,Pidilite Industries Ltd.,Chemicals,1470.2,1284,2026-05-07,-13.0,PE,1320.0,0.66,331,0.44,97.71,74778.5,No upcoming events found.,No upcoming events found.,No news found.
ULTRACEMCO,UltraTech Cement Ltd.,Construction Materials,11489.0,10963,2026-04-27,-23.0,CE,13000.0,6.61,330,0.62,97.8,53041.25,No upcoming events found.,No upcoming events found.,No news found.
IRFC,Indian Railway Finance Corporation Ltd.,Financial Services,98.01,81,2026-05-14,-6.0,PE,84.0,0.08,329,0.63,97.57,52181.925,No upcoming events found.,No upcoming events found.,No news found.
TITAN,Titan Company Ltd.,Consumer Durables,4139.0,4239,2026-05-08,-12.0,PE,3600.0,1.86,325,0.52,97.54,63190.4125,No upcoming events found.,No upcoming events found.,No news found.
INFY,Infosys Ltd.,Information Technology,1182.1,1292,2026-04-23,-27.0,PE,980.0,0.81,325,0.82,99.33,39451.0,No upcoming events found.,No upcoming events found.,No news found.
ABB,ABB India Ltd.,Capital Goods,6409.0,6184,2026-05-08,-12.0,PE,5400.0,2.56,320,0.4,98.19,80473.0625,No upcoming events found.,No upcoming events found.,No news found.
HAL,Hindustan Aeronautics Ltd.,Capital Goods,4307.5,3765,2026-05-14,-6.0,CE,5300.0,2.11,316,0.61,99.09,51901.625,No upcoming events found.,No upcoming events found.,No news found.
SBIN,State Bank of India,Financial Services,944.5,1044,2026-05-15,-5.0,CE,1120.0,0.41,309,0.64,98.56,48066.75,No upcoming events found.,No upcoming events found.,No news found.
POWERGRID,Power Grid Corporation of India Ltd.,Power,296.5,305,2026-05-15,-5.0,CE,340.0,0.16,308,0.65,98.27,47346.575,No upcoming events found.,No upcoming events found.,No news found.
POWERGRID,Power Grid Corporation of India Ltd.,Power,296.5,305,2026-05-15,-5.0,CE,345.0,0.16,308,0.7,98.4,44040.575,No upcoming events found.,No upcoming events found.,No news found.
POWERGRID,Power Grid Corporation of India Ltd.,Power,296.5,305,2026-05-15,-5.0,CE,350.0,0.16,308,0.76,98.15,40734.575,No upcoming events found.,No upcoming events found.,No news found.
TATAPOWER,Tata Power Co. Ltd.,Power,405.65,394,2026-05-12,-8.0,CE,485.0,0.21,308,0.8,98.86,38530.2625,No upcoming events found.,No upcoming events found.,No news found.
TATAPOWER,Tata Power Co. Ltd.,Power,405.65,394,2026-05-12,-8.0,CE,470.0,0.21,308,0.67,98.66,46113.2625,No upcoming events found.,No upcoming events found.,No news found.
TATAPOWER,Tata Power Co. Ltd.,Power,405.65,394,2026-05-12,-8.0,CE,490.0,0.21,308,0.86,98.92,36007.2625,No upcoming events found.,No upcoming events found.,No news found.
IRFC,Indian Railway Finance Corporation Ltd.,Financial Services,98.01,104,2026-05-14,-6.0,CE,120.0,0.07,308,0.78,98.32,39644.925,No upcoming events found.,No upcoming events found.,No news found.
WIPRO,Wipro Ltd.,Information Technology,196.56,184,2026-04-16,-34.0,PE,175.0,0.1,307,0.44,97.56,69896.775,No upcoming events found.,No upcoming events found.,No news found.
GODREJCP,Godrej Consumer Products Ltd.,Fast Moving Consumer Goods,1029.4,1009,2026-05-12,-8.0,CE,1150.0,0.61,306,0.68,97.76,44942.0,No upcoming events found.,No upcoming events found.,No news found.
TMPV,Tata Motors Passenger Vehicles Ltd.,Automobile and Auto Components,354.45,289,2026-05-14,-6.0,PE,310.0,0.38,300,0.94,96.83,32080.2,No upcoming events found.,No upcoming events found.,No news found.
RELIANCE,Reliance Industries Ltd.,Oil Gas & Consumable Fuels,1338.5,1297,2026-04-24,-26.0,PE,1160.0,0.6,300,0.51,97.69,59113.25,No upcoming events found.,No upcoming events found.,No news found.
TRENT,Trent Ltd.,Consumer Services,4049.1,3848,2026-04-22,-28.0,CE,4750.0,2.92,292,0.66,98.09,44329.05,No upcoming events found.,No upcoming events found.,No news found.
TMPV,Tata Motors Passenger Vehicles Ltd.,Automobile and Auto Components,354.45,314,2026-05-14,-6.0,CE,395.0,0.36,290,0.89,96.71,32648.2,No upcoming events found.,No upcoming events found.,No news found.
TRENT,Trent Ltd.,Consumer Services,4049.1,3848,2026-04-22,-28.0,CE,4700.0,2.83,282,0.61,97.32,46093.05,No upcoming events found.,No upcoming events found.,No news found.
SBIN,State Bank of India,Financial Services,944.5,1022,2026-05-15,-5.0,PE,820.0,0.38,281,0.44,97.75,63419.25,No upcoming events found.,No upcoming events found.,No news found.
INDHOTEL,Indian Hotels Co. Ltd.,Consumer Services,651.45,586,2026-05-11,-9.0,PE,550.0,0.28,275,0.47,97.83,58469.25,No upcoming events found.,No upcoming events found.,No news found.
SBIN,State Bank of India,Financial Services,944.5,1044,2026-05-15,-5.0,CE,1150.0,0.36,271,0.67,98.95,40687.25,No upcoming events found.,No upcoming events found.,No news found.
IOC,Indian Oil Corporation Ltd.,Oil Gas & Consumable Fuels,134.54,145,2026-05-18,-2.0,CE,172.0,0.06,268,0.67,99.21,39926.621875,No upcoming events found.,No upcoming events found.,No news found.
SOLARINDS,Solar Industries India Ltd.,Chemicals,18382.0,13291,2026-05-15,-5.0,PE,11000.0,5.33,266,0.54,99.33,49737.875,No upcoming events found.,No upcoming events found.,No news found.
TITAN,Titan Company Ltd.,Consumer Durables,4139.0,4239,2026-05-08,-12.0,PE,3500.0,1.49,260,0.46,97.81,57081.1625,No upcoming events found.,No upcoming events found.,No news found.
PNB,Punjab National Bank,Financial Services,100.53,115,2026-05-05,-15.0,CE,130.0,0.03,260,0.48,99.18,53865.8,No upcoming events found.,No upcoming events found.,No news found.
TMPV,Tata Motors Passenger Vehicles Ltd.,Automobile and Auto Components,354.45,289,2026-05-14,-6.0,PE,300.0,0.32,259,0.89,96.96,29256.2,No upcoming events found.,No upcoming events found.,No news found.
VEDL,Vedanta Ltd.,Metals & Mining,326.8,661,2026-04-29,-21.0,PE,240.0,0.23,258,0.86,98.43,30078.75,No upcoming events found.,No upcoming events found.,No news found.
TVSMOTOR,TVS Motor Company Ltd.,Automobile and Auto Components,3311.4,3500,2026-05-13,-7.0,CE,4200.0,1.48,258,0.91,99.05,28505.125,No upcoming events found.,No upcoming events found.,No news found.
IOC,Indian Oil Corporation Ltd.,Oil Gas & Consumable Fuels,134.54,120,2026-05-18,-2.0,PE,110.0,0.05,255,0.46,98.49,55104.33125,No upcoming events found.,No upcoming events found.,No news found.
IOC,Indian Oil Corporation Ltd.,Oil Gas & Consumable Fuels,134.54,145,2026-05-18,-2.0,CE,170.0,0.05,255,0.84,99.17,30631.58125,No upcoming events found.,No upcoming events found.,No news found.
TATAPOWER,Tata Power Co. Ltd.,Power,405.65,377,2026-05-12,-8.0,PE,330.0,0.17,253,0.62,99.29,41038.7625,No upcoming events found.,No upcoming events found.,No news found.
TVSMOTOR,TVS Motor Company Ltd.,Automobile and Auto Components,3311.4,3500,2026-05-13,-7.0,CE,4000.0,1.44,251,0.65,98.75,38847.625,No upcoming events found.,No upcoming events found.,No news found.
TMPV,Tata Motors Passenger Vehicles Ltd.,Automobile and Auto Components,354.45,314,2026-05-14,-6.0,CE,400.0,0.31,250,0.8,96.96,31240.2,No upcoming events found.,No upcoming events found.,No news found.
VEDL,Vedanta Ltd.,Metals & Mining,326.8,661,2026-04-29,-21.0,PE,250.0,0.21,244,0.71,97.89,34276.25,No upcoming events found.,No upcoming events found.,No news found.
IOC,Indian Oil Corporation Ltd.,Oil Gas & Consumable Fuels,134.54,145,2026-05-18,-2.0,CE,208.0,0.05,243,0.72,99.86,33978.871875,No upcoming events found.,No upcoming events found.,No news found.
TRENT,Trent Ltd.,Consumer Services,4049.1,3848,2026-04-22,-28.0,CE,4900.0,2.41,241,0.62,98.35,39048.05,No upcoming events found.,No upcoming events found.,No news found.
HAL,Hindustan Aeronautics Ltd.,Capital Goods,4307.5,3765,2026-05-14,-6.0,CE,5400.0,1.61,241,0.52,99.04,46849.625,No upcoming events found.,No upcoming events found.,No news found.
VBL,Varun Beverages Ltd.,Fast Moving Consumer Goods,512.95,417,2026-04-30,-20.0,CE,580.0,0.21,239,0.38,98.28,62552.5625,No upcoming events found.,No upcoming events found.,No news found.
TATAPOWER,Tata Power Co. Ltd.,Power,405.65,394,2026-05-12,-8.0,CE,500.0,0.16,235,0.74,99.28,31700.2625,No upcoming events found.,No upcoming events found.,No news found.
TATAPOWER,Tata Power Co. Ltd.,Power,405.65,394,2026-05-12,-8.0,CE,480.0,0.16,235,0.57,98.8,41052.7625,No upcoming events found.,No upcoming events found.,No news found.
RECLTD,REC Ltd.,Financial Services,334.3,338,2026-04-28,-22.0,CE,420.0,0.16,227,0.64,99.22,35601.3,No upcoming events found.,No upcoming events found.,No news found.
WIPRO,Wipro Ltd.,Information Technology,196.56,184,2026-04-16,-34.0,PE,172.5,0.08,225,0.33,97.89,67166.775,No upcoming events found.,No upcoming events found.,No news found.
POWERGRID,Power Grid Corporation of India Ltd.,Power,296.5,305,2026-05-15,-5.0,CE,365.0,0.11,213,0.69,99.48,31063.575,No upcoming events found.,No upcoming events found.,No news found.
RELIANCE,Reliance Industries Ltd.,Oil Gas & Consumable Fuels,1338.5,1311,2026-04-24,-26.0,CE,1600.0,0.41,206,0.47,99.05,44098.25,No upcoming events found.,No upcoming events found.,No news found.
HCLTECH,HCL Technologies Ltd.,Information Technology,1168.8,1411,2026-04-24,-26.0,CE,1470.0,0.57,201,1.11,98.73,18155.35,No upcoming events found.,No upcoming events found.,No news found.
VEDL,Vedanta Ltd.,Metals & Mining,326.8,661,2026-04-29,-21.0,PE,230.0,0.17,201,0.77,99.36,26007.25,No upcoming events found.,No upcoming events found.,No news found.
HDFCBANK,HDFC Bank Ltd.,Financial Services,767.0,775,2026-04-18,-32.0,CE,900.0,0.36,199,0.62,98.78,31913.0125,No upcoming events found.,No upcoming events found.,No news found.
SBIN,State Bank of India,Financial Services,944.5,1044,2026-05-15,-5.0,CE,1190.0,0.26,196,0.61,99.3,32466.75,No upcoming events found.,No upcoming events found.,No news found.
SBIN,State Bank of India,Financial Services,944.5,1044,2026-05-15,-5.0,CE,1180.0,0.26,196,0.57,99.03,34267.25,No upcoming events found.,No upcoming events found.,No news found.
WIPRO,Wipro Ltd.,Information Technology,196.56,184,2026-04-16,-34.0,PE,170.0,0.07,195,0.3,97.83,64406.775,No upcoming events found.,No upcoming events found.,No news found.
ABB,ABB India Ltd.,Capital Goods,6409.0,6210,2026-05-08,-12.0,CE,8200.0,1.54,192,0.4,99.45,48642.5625,No upcoming events found.,No upcoming events found.,No news found.
IRFC,Indian Railway Finance Corporation Ltd.,Financial Services,98.01,81,2026-05-14,-6.0,PE,80.0,0.04,191,0.42,98.57,46062.425,No upcoming events found.,No upcoming events found.,No news found.
UNIONBANK,Union Bank of India,Financial Services,159.52,186,2026-04-23,-27.0,CE,210.0,0.04,188,0.33,99.43,56382.633125,No upcoming events found.,No upcoming events found.,No news found.
VBL,Varun Beverages Ltd.,Fast Moving Consumer Goods,512.95,417,2026-04-30,-20.0,CE,585.0,0.16,182,0.3,98.9,60494.0625,No upcoming events found.,No upcoming events found.,No news found.
BRITANNIA,Britannia Industries Ltd.,Fast Moving Consumer Goods,5425.5,5542,2026-05-07,-13.0,CE,6700.0,1.44,179,0.53,99.76,33865.9375,No upcoming events found.,No upcoming events found.,No news found.
TRENT,Trent Ltd.,Consumer Services,4049.1,3822,2026-04-22,-28.0,PE,3000.0,1.7,170,0.52,98.95,32889.05,No upcoming events found.,No upcoming events found.,No news found.
INFY,Infosys Ltd.,Information Technology,1182.1,1313,2026-04-23,-27.0,CE,1400.0,0.43,170,0.63,97.95,26879.0,No upcoming events found.,No upcoming events found.,No news found.
TMPV,Tata Motors Passenger Vehicles Ltd.,Automobile and Auto Components,354.45,289,2026-05-14,-6.0,PE,290.0,0.21,170,0.64,97.82,26384.2,No upcoming events found.,No upcoming events found.,No news found.
TATAPOWER,Tata Power Co. Ltd.,Power,405.65,394,2026-05-12,-8.0,CE,520.0,0.11,163,0.66,99.32,24885.7625,No upcoming events found.,No upcoming events found.,No news found.
GODREJCP,Godrej Consumer Products Ltd.,Fast Moving Consumer Goods,1029.4,1009,2026-05-12,-8.0,CE,1200.0,0.32,162,0.45,99.25,36122.0,No upcoming events found.,No upcoming events found.,No news found.
SBIN,State Bank of India,Financial Services,944.5,1044,2026-05-15,-5.0,CE,1200.0,0.21,159,0.52,99.21,30906.75,No upcoming events found.,No upcoming events found.,No news found.
SBIN,State Bank of India,Financial Services,944.5,1044,2026-05-15,-5.0,CE,1220.0,0.21,159,0.56,99.47,28394.25,No upcoming events found.,No upcoming events found.,No news found.
ULTRACEMCO,UltraTech Cement Ltd.,Construction Materials,11489.0,10943,2026-04-27,-23.0,PE,10200.0,2.64,131,0.24,98.33,53850.75,No upcoming events found.,No upcoming events found.,No news found.
TVSMOTOR,TVS Motor Company Ltd.,Automobile and Auto Components,3311.4,3500,2026-05-13,-7.0,CE,4320.0,0.7,122,0.36,99.72,34265.8125,No upcoming events found.,No upcoming events found.,No news found.
AMBUJACEM,Ambuja Cements Ltd.,Construction Materials,432.15,438,2026-05-04,-16.0,CE,520.0,0.11,118,0.12,99.57,102247.1375,No upcoming events found.,No upcoming events found.,No news found.
ULTRACEMCO,UltraTech Cement Ltd.,Construction Materials,11489.0,10943,2026-04-27,-23.0,PE,9000.0,1.71,85,0.26,98.91,32856.25,No upcoming events found.,No upcoming events found.,No news found.
BRITANNIA,Britannia Industries Ltd.,Fast Moving Consumer Goods,5425.5,5542,2026-05-07,-13.0,CE,6600.0,0.35,43,0.12,99.8,37696.9375,No upcoming events found.,No upcoming events found.,No news found.
